Timestamp,Year,Crop Name,Region_Division,District,Area_Hectare,Yield_per_Hectare_M_Ton,Production _M_Ton  
8/5/2022 15:41:39,2014-2015,Potato,Chittagong,Bandarban,336,9.822,3299
8/5/2022 15:43:34,2014-2015,Potato,Chittagong,Chittagong,3753,13.634,51170
8/5/2022 15:45:06,2014-2015,Potato,Chittagong,Cox's Bazar,862,9.324,8041
8/5/2022 15:46:33,2014-2015,Potato,Chittagong,Comilla,14547,19.805,288098
8/5/2022 15:47:53,2014-2015,Potato,Chittagong,Chandpur,13037,21.162,275878
8/5/2022 15:49:55,2014-2015,Potato,Chittagong,Brahmanbaria,2246,12.979,29155
8/5/2022 15:51:12,2014-2015,Potato,Chittagong,Khagrachari,515,9.54,4915
8/5/2022 15:52:17,2014-2015,Potato,Chittagong,Noakhali,185,10.882,2008
8/5/2022 15:53:15,2014-2015,Potato,Chittagong,Lakshmipur,358,10.834,3876
8/5/2022 15:54:40,2014-2015,Potato,Chittagong,Feni,200,12.664,2526
8/5/2022 15:55:39,2014-2015,Potato,Chittagong,Rangamati,384,9.595,3685
8/5/2022 15:56:54,2014-2015,Potato,Sylhet,Sylhet,1107,9.931,10991
8/5/2022 15:57:46,2014-2015,Potato,Sylhet,Maulavibazar,1282,11.382,14587
8/5/2022 15:58:36,2014-2015,Potato,Sylhet,Sunamgonj,496,9.442,4681
8/5/2022 15:59:37,2014-2015,Potato,Sylhet,Hobigonj,2022,10.533,21295
8/5/2022 16:01:15,2014-2015,Potato,Dhaka,Dhaka,2645,19.653,51989
8/5/2022 16:02:15,2014-2015,Potato,Dhaka,Gazipur,275,12.138,3335
8/5/2022 16:02:58,2014-2015,Potato,Dhaka,Manikgonj,2210,20.64,45605
8/5/2022 16:03:51,2014-2015,Potato,Dhaka,Munsigonj,37378,32.741,1223810
8/5/2022 16:04:41,2014-2015,Potato,Dhaka,Narayangonj,2696,23.145,62389
8/5/2022 16:05:29,2014-2015,Potato,Dhaka,Narsingdi,970,13.628,13220
8/5/2022 16:06:14,2014-2015,Potato,Dhaka,Faridpur,288,18.374,5287
8/5/2022 16:07:05,2014-2015,Potato,Dhaka,Rajbari,147,18.404,2703
8/5/2022 16:07:57,2014-2015,Potato,Dhaka,Madaripur,639,17.802,11368
8/5/2022 16:08:54,2014-2015,Potato,Dhaka,Gopalgonj,194,19.124,3715
8/5/2022 16:09:56,2014-2015,Potato,Dhaka,Shariatpur,1463,22.062,32275
8/5/2022 16:11:04,2014-2015,Potato,Dhaka,Kishoregonj,4137,12.789,52907
8/5/2022 16:12:00,2014-2015,Potato,Dhaka,Tangail,3468,13.049,45260
8/5/2022 16:13:09,2014-2015,Potato,Mymensingh,Jamalpur,4505,17.684,79663
8/5/2022 16:13:58,2014-2015,Potato,Mymensingh,Sherpur,4837,17.854,86354
8/5/2022 16:15:43,2014-2015,Potato,Mymensingh,Netrokona,1366,8.142,11123
8/5/2022 16:16:35,2014-2015,Potato,Mymensingh,Mymensingh,4570,9.603,43888
8/5/2022 16:18:06,2014-2015,Potato,Barisal,Barisal,559,20.28,11334
8/5/2022 16:19:09,2014-2015,Potato,Barisal,Jhalakathi,224,15.052,3374
8/5/2022 16:20:38,2014-2015,Potato,Barisal,Perojpur,1091,11.547,12597
8/5/2022 16:21:39,2014-2015,Potato,Barisal,Bhola,5833,21.435,125038
8/5/2022 16:22:41,2014-2015,Potato,Barisal,Patuakhali,490,15.422,7564
8/5/2022 16:23:39,2014-2015,Potato,Barisal,Barguna,896,17.494,15681
8/5/2022 16:25:18,2014-2015,Potato,Khulna,Jessore,3165,22.982,72745
8/5/2022 16:26:31,2014-2015,Potato,Khulna,Jhenaidah,1704,20.223,34453
8/5/2022 16:27:23,2014-2015,Potato,Khulna,Magura,86,15.268,1310
8/5/2022 16:28:45,2014-2015,Potato,Khulna,Narail,41,14.219,587
8/5/2022 16:29:54,2014-2015,Potato,Khulna,Khulna,656,12.984,8512
8/5/2022 16:31:17,2014-2015,Potato,Khulna,Bagerhat,734,14.156,10392
8/5/2022 16:32:27,2014-2015,Potato,Khulna,Satkhira,3515,17.49,61476
8/5/2022 16:33:50,2014-2015,Potato,Khulna,Kushtia,2118,21.284,45091
8/5/2022 16:35:01,2014-2015,Potato,Khulna,Chuadanga,1551,20.611,31962
8/5/2022 16:36:16,2014-2015,Potato,Khulna,Meherpur,1347,23.481,31624
8/5/2022 16:38:08,2014-2015,Potato,Rajshahi,Bogra,57294,17.28,990012
8/5/2022 16:38:54,2014-2015,Potato,Rajshahi,Joypurhat,33410,21.077,704203
8/5/2022 16:39:48,2014-2015,Potato,Rajshahi,Pabna,1215,11.346,13784
8/5/2022 16:40:44,2014-2015,Potato,Rajshahi,Sirajgonj,2814,12.481,35119
8/5/2022 16:41:26,2014-2015,Potato,Rajshahi,Rajshahi,36374,21.032,765013
8/5/2022 16:42:28,2014-2015,Potato,Rajshahi,Noagaon,19843,16.565,328686
8/5/2022 16:43:30,2014-2015,Potato,Rajshahi,Natore,983,17.393,17104
8/5/2022 16:44:21,2014-2015,Potato,Rajshahi,Nawabgonj,1350,19.018,25682
8/5/2022 16:45:35,2014-2015,Potato,Rangpur,Dinajpur,44246,19.03,841979
8/5/2022 16:46:21,2014-2015,Potato,Rangpur,Thakurgaon,31756,18.779,596345
8/5/2022 16:47:04,2014-2015,Potato,Rangpur,Panchagar,10602,13.844,146779
8/5/2022 16:47:55,2014-2015,Potato,Rangpur,Rangpur,50921,20.459,1041781
8/5/2022 16:48:57,2014-2015,Potato,Rangpur,Gaibandha,9485,16.227,53908
8/5/2022 16:49:42,2014-2015,Potato,Rangpur,Kurigram,7336,20.392,149593
8/5/2022 16:50:26,2014-2015,Potato,Rangpur,Nilphamari,21794,18.297,398780
8/5/2022 16:51:10,2014-2015,Potato,Rangpur,Lalmonirhat,4464,16.283,72682
8/7/2022 20:47:21,2015-2016,Potato,Chittagong,Bandarban,364,10.058,3659
8/7/2022 20:50:17,2015-2016,Potato,Chittagong,Chittagong,3554,12.991,46174
8/7/2022 20:52:38,2015-2016,Potato,Chittagong,Cox's Bazar,889,10.123,9004
8/7/2022 20:54:29,2015-2016,Potato,Chittagong,Comilla,14512,19.717,286142
8/7/2022 20:55:46,2015-2016,Potato,Chittagong,Chandpur,12966,22.537,292220
8/7/2022 20:57:14,2015-2016,Potato,Chittagong,Brahmanbaria,2209,13.043,28814
8/7/2022 20:58:17,2015-2016,Potato,Chittagong,Khagrachari,496,9.977,4950
8/7/2022 20:59:20,2015-2016,Potato,Chittagong,Noakhali,187,10.806,2016
8/7/2022 21:01:10,2015-2016,Potato,Chittagong,Lakshmipur,332,11.133,3699
8/7/2022 21:01:58,2015-2016,Potato,Chittagong,Feni,194,12.521,2432
8/7/2022 21:02:59,2015-2016,Potato,Chittagong,Rangamati,415,9.642,4000
8/7/2022 21:04:06,2015-2016,Potato,Sylhet,Sylhet,1120,11.394,12763
8/7/2022 21:05:34,2015-2016,Potato,Sylhet,Maulavibazar,1533,11.395,17472
8/7/2022 21:07:17,2015-2016,Potato,Sylhet,Sunamgonj,769,11.178,8594
8/7/2022 21:08:25,2015-2016,Potato,Sylhet,Hobigonj,1842,11.03,20322
8/7/2022 21:09:54,2015-2016,Potato,Dhaka,Dhaka,2322,20.309,47167
8/7/2022 21:10:34,2015-2016,Potato,Dhaka,Gazipur,275,13.269,3646
8/7/2022 21:11:49,2015-2016,Potato,Dhaka,Manikgonj,2337,20.342,47547
8/7/2022 21:12:48,2015-2016,Potato,Dhaka,Munsigonj,38205,32.517,1242329
8/7/2022 21:13:52,2015-2016,Potato,Dhaka,Narayangonj,2621,24.764,64900
8/7/2022 21:14:47,2015-2016,Potato,Dhaka,Narsingdi,1483,14,20759
8/7/2022 21:15:35,2015-2016,Potato,Dhaka,Faridpur,235,23.398,5492
8/7/2022 21:16:26,2015-2016,Potato,Dhaka,Rajbari,184,18.487,3396
8/7/2022 21:17:30,2015-2016,Potato,Dhaka,Madaripur,533,18.725,9987
8/7/2022 21:18:28,2015-2016,Potato,Dhaka,Gopalgonj,204,22.036,4503
8/7/2022 21:19:42,2015-2016,Potato,Dhaka,Shariatpur,1359,24.714,33574
8/7/2022 21:20:43,2015-2016,Potato,Dhaka,Kishoregonj,4094,12.838,52557
8/7/2022 21:21:51,2015-2016,Potato,Dhaka,Tangail,3629,13.491,48956
8/7/2022 21:37:58,2015-2016,Potato,Mymensingh,Jamalpur,4464,17.474,77998
8/7/2022 21:39:24,2015-2016,Potato,Mymensingh,Sherpur,4850,17.932,86970
8/7/2022 21:40:50,2015-2016,Potato,Mymensingh,Netrokona,1367,7.776,10626
8/7/2022 21:42:03,2015-2016,Potato,Mymensingh,Mymensingh,4206,9.88,41555
8/7/2022 21:43:23,2015-2016,Potato,Barisal,Barisal,672,19.607,13179
8/7/2022 21:44:30,2015-2016,Potato,Barisal,Jhalakathi,254,15.813,4012
8/7/2022 21:45:24,2015-2016,Potato,Barisal,Perojpur,1053,11.799,12424
8/7/2022 21:46:43,2015-2016,Potato,Barisal,Bhola,5672,21.272,120664
8/7/2022 21:47:49,2015-2016,Potato,Barisal,Patuakhali,471,14.776,6966
8/7/2022 21:48:59,2015-2016,Potato,Barisal,Barguna,869,18.141,15761
8/7/2022 21:49:54,2015-2016,Potato,Khulna,Jessore,3150,22.862,72024
8/7/2022 21:51:06,2015-2016,Potato,Khulna,Jhenaidah,1623,20.263,32882
8/7/2022 21:51:48,2015-2016,Potato,Khulna,Magura,73,14.803,1078
8/7/2022 21:52:28,2015-2016,Potato,Khulna,Narail,22,13.813,302
8/7/2022 21:53:14,2015-2016,potato,Khulna,Khulna,619,13.786,8530
8/7/2022 21:54:12,2015-2016,Potato,Khulna,Bagerhat,650,14.769,9599
8/7/2022 21:55:11,2015-2016,Potato,Khulna,Satkhira,3420,17.132,58589
8/7/2022 21:56:05,2015-2016,Potato,Khulna,Kushtia,2006,21.285,42707
8/7/2022 21:57:46,2015-2016,Potato,Khulna,Chuadanga,1604,21.072,33803
8/7/2022 21:58:34,2015-2016,Potato,Khulna,Meherpur,1277,23.42,29901
8/7/2022 22:00:17,2015-2016,Potato,Rajshahi,Bogra,59327,18.47,1095760
8/7/2022 22:01:32,2015-2016,Potato,Rajshahi,Joypurhat,34247,21.614,740204
8/7/2022 22:02:21,2015-2016,Potato,Rajshahi,Pabna,1206,12.141,14646
8/7/2022 22:03:06,2015-2016,Potato,Rajshahi,Sirajgonj,3071,13.107,40252
8/7/2022 22:03:53,2015-2016,Potato,Rajshahi,Rajshahi,36075,21.564,777945
8/7/2022 22:04:50,2015-2016,Potato,Rajshahi,Noagaon,21358,16.148,344883
8/7/2022 22:05:43,2015-2016,Potato,Rajshahi,Natore,1111,16.806,18675
8/7/2022 22:06:43,2015-2016,Potato,Rajshahi,Nawabgonj,1482,18.539,27480
8/7/2022 22:08:13,2015-2016,Potato,Rangpur,Dinajpur,44278,18.995,841040
8/7/2022 22:09:23,2015-2016,Potato,Rangpur,Thakurgaon,31688,18.426,583867
8/7/2022 22:10:19,2015-2016,Potato,Rangpur,Panchagar,10800,14.821,160069
8/7/2022 22:11:22,2015-2016,Potato,Rangpur,Rangpur,50548,20.702,1046457
8/7/2022 22:12:26,2015-2016,Potato,Rangpur,Gaibandha,9567,16.291,155849
8/7/2022 22:13:25,2015-2016,Potato,Rangpur,Kurigram,7499,20.425,153170
8/7/2022 22:14:30,2015-2016,Potato,Rangpur,Nilphamari,21772,18.294,398298
8/7/2022 22:15:51,2015-2016,Potato,Rangpur,Lalmonirhat,4272,16.119,68856
8/8/2022 20:11:00,2016-2017,Potato,Barisal,Barguna,586,18.006,10558
8/8/2022 20:12:02,2016-2017,Potato,Barguna,Barisal,1598,20.286,32341
8/8/2022 20:12:53,2016-2017,Potato,Barisal,Bhola,8110,26.687,216434
8/8/2022 20:13:50,2016-2017,Potato,Barisal,Jhalakathi,278,16.128,4490
8/8/2022 20:14:43,2016-2017,Potato,Barisal,Patuakhali,461,14.981,6899
8/8/2022 20:18:54,2016-2017,Potato,Barisal,Pirojpur,908,12.262,11130
8/8/2022 20:19:49,2016-2017,Potato,Chittagong,Bandarban,375,9.866,3697
8/8/2022 20:20:44,2016-2017,Potato,Chittagong,Brahmanbaria,1785,13.278,23696
8/8/2022 20:21:47,2016-2017,Potato,Chittagong,Chandpur,13754,21.709,298576
8/8/2022 20:22:42,2016-2017,Potato,Chittagong,Chittagong,4584,14.101,64637
8/8/2022 20:24:41,2016-2017,Potato,Chittagong,Comilla,13254,18.48,244940
8/8/2022 20:25:28,2016-2017,Potato,Chittagong,Cox's Bazar,892,10.097,9009
8/8/2022 20:26:19,2016-2017,Potato,Chittagong,Feni,240,12.617,3023
8/8/2022 20:27:19,2016-2017,Potato,Chittagong,Khagrachari,147,13.61,2005
8/8/2022 20:28:17,2016-2017,Potato,Chittagong,Laksmipur,286,11.152,3191
8/8/2022 20:28:57,2016-2017,Potato,Chittagong,Noakhali,234,10.99,2575
8/8/2022 20:29:35,2016-2017,Potato,Chittagong,Rangamati,327,10.778,3520
8/8/2022 20:30:32,2016-2017,Potato,Dhaka,`Dhaka,2000,20.749,41497
8/8/2022 20:31:07,2016-2017,Potato,Dhaka,Faridpur,259,23.657,6127
8/8/2022 20:31:55,2016-2017,Potato,Dhaka,Gazipur,271,13.848,3749
8/8/2022 20:32:34,2016-2017,Potato,Dhaka,Gopalgonj,204,23.384,4574
8/8/2022 20:33:21,2016-2017,Potato,Dhaka,Kishoregonj,4209,13.007,54754
8/8/2022 20:34:04,2016-2017,Potato,Dhaka,Madaripur,751,18.91,14211
8/8/2022 20:34:45,2016-2017,Potato,Dhaka,Manikgonj,2230,20.151,44940
8/8/2022 20:35:32,2016-2017,Potato,Dhaka,Munsigonj,37652,32.708,1231517
8/8/2022 20:37:16,2016-2017,Potato,Dhaka,Narayangonj,2461,28.558,70288
8/8/2022 20:38:16,2016-2017,Potato,Dhaka,Narsingdi,1551,12.733,19750
8/8/2022 20:38:53,2016-2017,Potato,Dhaka,Rajbari,151,19.004,2861
8/8/2022 20:39:32,2016-2017,Potato,Dhaka,Shariatpur,1842,24.863,45800
8/8/2022 20:40:14,2016-2017,Potato,Dhaka,Tangail,3615,13.603,49180
8/8/2022 20:41:34,2016-2017,Potato,Khulna,Bagerhat,524,15.6,8182
8/8/2022 20:42:22,2016-2017,Potato,Khulna,Chuadanga,1864,21.734,40510
8/8/2022 20:43:20,2016-2017,Potato,Khulna,Jessore,3141,23.346,73332
8/8/2022 20:44:03,2016-2017,Potato,Khulna,Jhenaidah,1684,20.722,34901
8/8/2022 20:44:45,2016-2017,Potato,Khulna,Khulna,633,14.314,9054
8/8/2022 20:45:26,2016-2017,Potato,Khulna,Kustia,2227,21.817,48593
8/8/2022 20:46:04,2016-2017,Potato,Khulna,Magura,34,15.043,517
8/8/2022 20:46:41,2016-2017,Potato,Khulna,Meherpur,1408,23.21,32.687
8/8/2022 20:47:28,2016-2017,Potato,Khulna,Narail,25,13.356,341
8/8/2022 20:48:19,2016-2017,Potato,Khulna,Satkhira,3334,17.281,57611
8/8/2022 20:49:35,2016-2017,Potato,Mymensingh,Jamalpur,5053,17.594,88908
8/8/2022 20:50:28,2016-2017,Potato,Mymensingh,Mymensingh,4065,10.054,40865
8/8/2022 20:51:23,2016-2017,Potato,Mymensingh,Netrokona,1764,8.376,14775
8/8/2022 20:52:14,2016-2017,Potato,Mymensingh,Sherpur,5344,18.266,97609
8/8/2022 20:53:19,2016-2017,Potato,Rajshahi,Bogra,64610,18.871,1219265
8/8/2022 20:54:28,2016-2017,Potato,Rajshahi,Joypurhat,35079,19.321,677761
8/8/2022 20:55:17,2016-2017,Potato,Rajshahi,Naogaon,25818,16.663,430207
8/8/2022 20:57:12,2016-2017,Potato,Rajshahi,Nawabgonj,1532,18.756,28736
8/8/2022 20:57:50,2016-2017,Potato,Rajshahi,Pabna,932,12.6,11743
8/8/2022 20:58:50,2016-2017,Potato,Rajshahi,Rajshahi,42699,24.958,1065688
8/8/2022 20:59:43,2016-2017,Potato,Rajshahi,Sirajgonj,3161,13.167,41614
8/8/2022 21:00:53,2016-2017,Potato,Rangpur,Dinajpur,48861,19.936,974066
8/8/2022 21:01:33,2016-2017,Potato,Rangpur,Gaibandha,8878,15.834,140572
8/8/2022 21:02:18,2016-2017,Potato,Rangpur,Kurigram,7060,20.076,141745
8/8/2022 21:03:18,2016-2017,Potato,Rangpur,Lalmonirhat,5293,18.324,96992
8/8/2022 21:04:09,2016-2017,Potato,Rangpur,Nilphamari,23704,19.288,457207
8/8/2022 21:04:57,2016-2017,Potato,Rangpur,Panchagar,10323,19.819,204601
8/8/2022 21:05:44,2016-2017,Potato,Rangpur,Rangpur,54874,20.651,1133178
8/8/2022 21:06:43,2016-2017,Potato,Rangpur,Thakurgaon,23321,18.373,428479
8/8/2022 21:07:37,2016-2017,Potato,Sylhet,Hobigonj,1959,11.096,21739
8/8/2022 21:08:28,2016-2017,Potato,Sylhet,Maulavibazar,2037,11.502,23426
8/8/2022 21:09:19,2016-2017,Potato,Sylhet,Sunamgonj,1556,11.401,17745
8/8/2022 21:10:09,2016-2017,Potato,Sylhet,Sylhet,1316,10.307,13564
8/8/2022 21:29:55,2017-2018,Potato,Barisal,Barguna,274,18.402,5041
8/8/2022 21:30:43,2017-2018,Potato,Barisal,Barisal,1540,19.832,30539
8/8/2022 21:31:26,2017-2018,Potato,Barisal,Bhola,7330,26.654,195369
8/8/2022 21:32:45,2017-2018,Potao,Barisal,Jhalakathi,426,19.832,8443
8/8/2022 21:33:45,2017-2018,Potato,Barisal,Patuakhali,467,18.439,8603
8/8/2022 21:34:37,2017-2018,Potato,Barisal,Pirojpur,1066,13.396,14279
8/8/2022 21:36:12,2017-2018,Potato,Chittagong,Bandarban,549,9.737,5347
8/8/2022 21:38:33,2017-2018,Potato,Chittagong,Brahmanbaria,2000,13.053,26106
8/8/2022 21:39:52,2017-2018,Potato,Chittagong,Chandpur,10260,17.187,176333
8/8/2022 21:40:32,2017-2018,Potato,Chittagong,Chittagong,4805,14.401,69192
8/8/2022 21:41:15,2017-2018,Potato,Chittagong,Comilla,11634,18.407,214160
8/8/2022 21:41:53,2017-2018,Potato,Chittagong,Cox's Bazar,2000,12.768,25536
8/8/2022 21:42:51,2017-2018,Potato,Chittagong,Feni,257,13.422,3444
8/8/2022 21:43:43,2017-2018,Potato,Chittagong,Khagrachari,565,10.53,5953
8/8/2022 21:44:45,2017-2018,Potato,Chittagong,Laksmipur,263,13.39,3522
8/8/2022 21:45:26,2017-2018,Potato,Chittagong,Noakhali,82,13.49,1103
8/8/2022 21:46:15,2017-2018,Potato,Chittagong,Rangamati,88,11.138,983
8/8/2022 21:46:57,2017-2018,Potato,Dhaka,Dhaka,1906,21.5,40980
8/8/2022 21:47:36,2017-2018,Potato,Dhaka,Faridpur,298,23.198,6909
8/8/2022 21:48:12,2017-2018,Potato,Dhaka,Gazipur,138,13.009,1790
8/8/2022 21:49:06,2017-2018,Potato,Dhaka,Gopalgonj,304,22.308,6780
8/8/2022 21:50:06,2017-2018,Potato,Dhaka,Kishoregonj,5445,13.13,71488
8/8/2022 21:50:49,2017-2018,Potato,Dhaka,Madaripur,512,19.395,9929
8/8/2022 21:51:42,2017-2018,Potato,Dhaka,Manikgonj,1533,20.122,30846
8/8/2022 21:52:37,2017-2018,Potato,Dhaka,Munsigonj,36319,32.613,1184479
8/8/2022 21:53:39,2017-2018,Potato,Dhaka,Narayangonj,3011,28.186,84862
8/8/2022 21:54:19,2017-2018,Potato,Dhaka,Narsingdi,1344,14.923,20062
8/8/2022 21:55:17,2017-2018,Potato,Dhaka,Rajbari,170,18.331,3123
8/8/2022 21:56:11,2017-2018,Potato,Dhaka,Shariatpur,1999,24.847,49672
8/8/2022 21:56:46,2017-2018,Potato,Dhaka,Tangail,3040,13.138,39943
8/8/2022 21:58:20,2017-2018,Potato,Khulna,Bagerhat,989,15.228,15067
8/8/2022 21:59:00,2017-2018,Potato,Khulna,Chuadanga,1438,21.721,31230
8/8/2022 21:59:42,2017-2018,Potato,Khulna,Jessore,3521,23.747,83615
8/8/2022 22:00:25,2017-2018,Potato,Khulna,Jhenaidah,1578,20.74,32725
8/8/2022 22:01:09,2017-2018,Potato,Khulna,Khulna,473,15.283,7230
8/8/2022 22:02:18,2017-2018,Potato,Khulna,Kushtia,2431,21.781,52946
8/8/2022 22:03:02,2017-2018,Potato,Khulna,Magura,29,15.509,452
8/8/2022 22:03:51,2017-2018,Potato,Khulna,Meherpur,1296,22.787,29536
8/8/2022 22:04:32,2017-2018,Potato,Khulna,Narail,32,14.609,467
8/8/2022 22:05:36,2017-2018,Potato,Khulna,Satkhira,3050,17.17,52370
8/8/2022 22:06:37,2017-2018,Potato,Mymensingh,Jamalpur,4912,18.163,89217
8/8/2022 22:07:26,2017-2018,Potato,Mymensingh,Mymensingh,3944,9.99,39402
8/8/2022 22:08:07,2017-2018,Potato,Mymensingh,Netrokona,1869,9.559,17865
8/8/2022 22:09:27,2017-2018,Potato,Mymensingh,Sherpur,4489,17.092,76728
8/8/2022 22:10:29,2017-2018,Potato,Rajshahi,Bogra,59622,19.035,1134920
8/8/2022 22:11:42,2017-2018,Potato,Rajshahi,Joypurhat,38268,19.563,748632
8/8/2022 22:12:26,2017-2018,Potato,Rajshahi,Naogaon,22539,16.569,373450
8/8/2022 22:13:09,2017-2018,Potato,Rajshahi,Natore,59,16.31,964
8/8/2022 22:13:56,2017-2018,Potato,Rajshahi,Nawabgonj,1475,18.669,27546
8/8/2022 22:14:33,2017-2018,Potato,Rajshahi,Pabna,849,22.768,10841
8/8/2022 22:15:17,2017-2018,Potato,Rajshahi,Rajshahi,39950,25.579,1021886
8/8/2022 22:16:08,2017-2018,Potato,Rajshahi,Sirajgonj,2824,14.072,39738
8/8/2022 22:17:12,2017-2018,Potato,Rangpur,Dinajpur,49146,19.932,979600
8/8/2022 22:17:57,2017-2018,Potato,Rangpur,Gaibandha,6876,16.597,114125
8/8/2022 22:18:40,2017-2018,Potato,Rangpur,Kurigram,6594,20.984,138370
8/8/2022 22:19:21,2017-2018,Potato,Rangpur,Lalmonirhat,4730,19.278,91184
8/8/2022 22:20:11,2017-2018,Potato,Rangpur,Nilphamari,22834,18.988,433573
8/8/2022 22:21:04,2017-2018,Potato,Rangpur,Panchagar,10116,19.809,200389
8/8/2022 22:21:44,2017-2018,Potato,Rangpur,Rangpur,51167,20.125,1029722
8/8/2022 22:22:28,2017-2018,Potato,Rangpur,Thakurgaon,23809,18.729,445918
8/8/2022 22:23:22,2017-2018,Potato,Rangpur,Hobigonj,1881,11.926,22437
8/8/2022 22:24:29,2017-2018,Potato,Sylhet,Hobigonj,1881,11.926,22437
8/8/2022 22:25:11,2017-2018,Potato,Sylhet,Maulavibazar,2004,11.89,23831
8/8/2022 22:26:00,2017-2018,Potato,Sylhet,Sunamgonj,1663,11.489,19109
8/8/2022 22:26:54,2017-2018,Potato,Sylhet,Sylhet,1316,11.028,14514
8/8/2022 22:59:31,2018-2019,Potato,Barisal,Barguna,781,22.052,17223
8/8/2022 23:00:36,2018-2019,Potato,Barisal,Barisal,1158,19.988,23150
8/8/2022 23:01:57,2018-2019,Potato,Barisal,Bhola,5248,18.534,97266
8/8/2022 23:02:43,2018-2019,Potato,Barisal,Jhalakathi,338,18.638,6298
8/8/2022 23:03:24,2018-2019,Potato,Barisal,Patuakhali,572,20.534,11750
8/8/2022 23:04:11,2018-2019,Potato,Barisal,Pirojpur,927,19.333,17917
8/8/2022 23:05:22,2018-2019,Potato,Chittagong,Bandarban,564,10.24,5772
8/8/2022 23:06:30,2018-2019,Potato,Chittagong,Brahmanbaria,1360,12.718,17303
8/8/2022 23:07:26,2018-2019,Potato,Chittagong,Chandpur,6173,18.998,117275
8/8/2022 23:08:17,2018-2019,Potato,Chittagong,Chittagong,3941,12.803,50463
8/8/2022 23:09:10,2018-2019,Potato,Chittagong,Comilla,10853,20.109,218252
8/8/2022 23:10:25,2018-2019,Potato,Chittagong,Cox's Bazar,1716,11.097,19038
8/8/2022 23:11:09,2018-2019,Potato,Chittagong,Feni,282,15.166,4280
8/8/2022 23:11:54,2018-2019,Potato,Chittagong,Khagrachari,553,10.679,5905
8/8/2022 23:12:32,2018-2019,Potato,Chittagong,Lakshmipur,283,15.155,4293
8/8/2022 23:13:16,2018-2019,Potato,Chittagong,Noakhali,181,16.763,3034
8/8/2022 23:14:10,2018-2019,Potato,Chittagong,Rangamati,70,14.51,1016
8/8/2022 23:14:53,2018-2019,Potato,Dhaka,Dhaka,1907,24.34,46423
8/8/2022 23:15:32,2018-2019,Potato,Dhaka,Faridpur,269,23.649,6364
8/8/2022 23:16:01,2018-2019,Potato,Dhaka,Gazipur,145,14.26,2062
8/8/2022 23:17:02,2018-2019,Potato,Dhaka,Gopalgonj,343,23.727,8128
8/8/2022 23:17:50,2018-2019,Potato,Dhaka,Kishoregonj,5373,14.068,75591
8/8/2022 23:18:37,2018-2019,Potato,Dhaka,Manikgonj,1769,19.471,34449
8/8/2022 23:20:23,2018-2019,Potato,Dhaka,Munsigonj,33159,32.846,1089112
8/8/2022 23:21:48,2018-2019,Potato,Dhaka,Madaripur,613,26.45,16213
8/8/2022 23:22:49,2018-2019,Potato,Dhaka,Narayangonj,2968,25.767,76487
8/8/2022 23:23:32,2018-2019,Potato,Dhaka,Narsingdi,1342,16.114,21630
8/8/2022 23:24:19,2018-2019,Potato,Dhaka,Rajbari,212,17.544,3727
8/8/2022 23:24:59,2018-2019,Potato,Dhaka,Shariatpur,1906,29.952,57102
8/8/2022 23:25:38,2018-2019,Potato,Dhaka,Tangail,3234,13.634,44088
8/8/2022 23:26:29,2018-2019,Potato,Khulna,Bagerhat,743,14.859,11034
8/8/2022 23:27:07,2018-2019,Potato,Khulna,Chuadanga,2500,21.545,53857
8/8/2022 23:27:50,2018-2019,Potato,Khulna,Jessore,2805,20.809,58366
8/8/2022 23:28:48,2018-2019,Potato,Khulna,Jhenaidah,1659,20.055,33274
8/8/2022 23:29:24,2018-2019,Potato,Khulna,Khulna,484,15.583,7538
8/8/2022 23:30:08,2018-2019,Potato,Khulna,Kushtia,2243,22.681,48624
8/8/2022 23:33:00,2018-2019,Potato,Khulna,Magura,26,15.075,390
8/8/2022 23:34:05,2018-2019,Potato,Khulna,Meherpur,1205,22.932,27626
8/8/2022 23:35:30,2018-2019,Potato,Khulna,Narail,25,19.586,483
8/8/2022 23:36:32,2018-2019,Potato,Khulna,Satkhira,2468,14.806,36544
8/8/2022 23:37:41,2018-2019,Potato,Mymensingh,Jamalpur,4929,18.413,90766
8/8/2022 23:38:31,2018-2019,Potato,Mymensingh,Mymensingh,3724,9.899,36866
8/8/2022 23:39:42,2018-2019,Potato,Mymensingh,Netrokona,1582,9.468,14981
8/8/2022 23:41:27,2018-2019,Potato,Mymensingh,Sherpur,4673,16.849,78731
8/8/2022 23:42:56,2018-2019,Potato,Rajshahi,Bogra,58701,20.187,1184989
8/8/2022 23:44:07,2018-2019,Potato,Rajshahi,Joypurhat,38310,24.251,929055
8/8/2022 23:45:19,2018-2019,Potato,Rajshahi,Noagaon,21497,17.01,365669
8/8/2022 23:46:06,2018-2019,Potato,Rajshahi,Natore ,695,19.804,13766
8/8/2022 23:47:07,2018-2019,Potato,Rajshahi,Nawabgonj,1149,16.895,19410
8/8/2022 23:47:56,2018-2019,Potato,Rajshahi,Pabna,835,14.657,12236
8/8/2022 23:48:50,2018-2019,Potato,Rajshahi,Rajshahi,37508,26.555,996019
8/8/2022 23:50:22,2018-2019,Potato,Rajshahi,Sirajgonj,2905,13.019,37823
8/8/2022 23:51:29,2018-2019,Potato,Rangpur,Dinajpur,48366,19.76,955699
8/8/2022 23:52:14,2018-2019,Potato,Rangpur,Gaibandha,8310,16.889,140338
8/8/2022 23:53:11,2018-2019,Potato,Rangpur,Kurigram,5394,26.017,140342
8/8/2022 23:54:07,2018-2019,Potato,Rangpur,Lalmonirhat,4683,19.05,89216
8/8/2022 23:55:06,2018-2019,Potato,Rangpur,Nilphamari,22379,19.681,440433
8/8/2022 23:56:07,2018-2019,Potato,Rangpur,Panchagar,9300,20.237,188211
8/8/2022 23:57:07,2018-2019,Potato,Rangpur,Rangpur,50380,20.036,1009426
8/8/2022 23:58:01,2018-2019,Potato,Rangpur,Thakurgaon,23647,19.207,454189
8/8/2022 23:58:55,2018-2019,Potato,Sylhet,Hobigonj,1694,13.326,22579
8/8/2022 23:59:52,2018-2019,Potato,Sylhet,Maulavibazar,1988,11.727,23315
8/9/2022 0:01:01,2018-2019,Potato,Sylhet,Sunamgonj,1589,12.901,20.497
8/9/2022 0:01:54,2018-2019,Potato,Sylhet,Sylhet,960,11.645,11178
8/9/2022 0:06:44,2019-2020,Potato,Barisal,Barguna,515,18.277,9416
8/9/2022 0:07:33,2019-2020,Potato,Barisal,Barisal,542,19.947,10809
8/9/2022 0:08:32,2019-2020,Potato,Barisal,Bhola,6093,20.686,126032
8/9/2022 0:09:30,2019-2020,Potato,Barisal,Jhalakathi,346,18.583,6430
8/9/2022 0:10:13,2019-2020,Potato,Barisal,Patuakhali,433,20.567,8898
8/9/2022 0:10:55,2019-2020,Potato,Barisal,Pirojpur,900,16.715,15044
8/9/2022 0:12:37,2019-2020,Potato,Chittagong,Bandarban,576,9.232,5320
8/9/2022 0:13:28,2019-2020,Potato,Chittagong,Brahmanbaria,1696,14,23750
8/9/2022 0:14:26,2019-2020,Potato,Chittagong,Comilla,10680,17.435,186208
8/9/2022 0:15:32,2019-2020,Potato,Chittagong,Cox's Bazar,1873,12.404,23235
8/9/2022 0:16:20,2019-2020,Potato,Chittagong,Feni,285,16.525,4705
8/9/2022 0:17:06,2019-2020,Potato,Chittagong,Khagrachari,547,11.434,6258
8/9/2022 0:18:10,2019-2020,Potato,Chittagong,Lakshmipur,246,16.61,4094
8/9/2022 0:19:05,2019-2020,Potato,Chittagong,Noakhali,174,20.97,3656
8/9/2022 0:19:49,2019-2020,Potato,Chittagong,Rangamati,141,11.277,1588
8/9/2022 0:21:04,2019-2020,Potato,Dhaka,Dhaka,1618,20.937,33871
8/9/2022 0:22:08,2019-2020,Potato,Dhaka,Faridpur,347,24.346,8444
8/9/2022 0:22:59,2019-2020,Potato,Dhaka,Gazipur,69,11.915,818
8/9/2022 0:23:58,2019-2020,Potato,Dhaka,Gopalgonj,273,24.482,6688
8/9/2022 0:24:45,2019-2020,Potato,Dhaka,Kishoregonj,5784,13.488,78021
8/9/2022 0:25:37,2019-2020,Potato,Dhaka,Madaripur,761,29.514,22459
8/9/2022 0:26:44,2019-2020,Potato,Dhaka,Manikgonj,1868,20.972,39185
8/9/2022 0:28:19,2019-2020,Potato,Dhaka,Munsigonj,35938,31.901,1146437
8/9/2022 0:29:10,2019-2020,Potato,Dhaka,Narayangonj,2500,26.387,65966
8/9/2022 0:29:51,2019-2020,Potato,Dhaka,Narsingdi,1477,15.588,23029
8/9/2022 0:30:41,2019-2020,Potato,Dhaka,Rajbari,173,18.944,3274
8/9/2022 0:31:34,2019-2020,Potato,Dhaka,Shariatpur,1854,27.495,50984
8/9/2022 0:33:00,2019-2020,Potato,Dhaka,Tangail,3575,13.879,49624
8/9/2022 0:34:26,2019-2020,Potato,Khulna,Bagerhat,331,16.69,5532
8/9/2022 0:35:15,2019-2020,Potato,Khulna,Chuadanga,2185,21.68,47361
8/9/2022 0:36:32,2019-2020,Potato,Khulna,Jessore,2401,21.823,52397
8/9/2022 0:38:07,2019-2020,Potato,Khulna,Jhenaidah,1701,21.993,37408
8/9/2022 0:38:48,2019-2020,Potato,Khulna,Khulna,532,16.994,9037
8/9/2022 0:39:27,2019-2020,Potato,Khulna,Kushtia,2544,21.289,54157
8/9/2022 0:40:02,2019-2020,Potato,Khulna,Magura,27,16.11,440
8/9/2022 0:40:39,2019-2020,Potato,Khulna,Meherpur,1237,23.344,28871
8/9/2022 0:41:23,2019-2020,Potato,Khulna,Narail,51,20.712,1048
8/9/2022 0:42:07,2019-2020,Potato,Khulna,Satkhira,2659,16.547,44002
8/9/2022 0:43:07,2019-2020,Potato,Mymensingh,Jamalpur,5516,18.529,102213
8/9/2022 0:43:57,2019-2020,Potato,Mymensingh,Mymensingh,3920,10.165,39845
8/9/2022 0:44:51,2019-2020,Potato,Mymensingh,Netrokona,1546,10.31,15934
8/9/2022 0:45:48,2019-2020,Potato,Mymensingh,Sherpur,4972,16.412,81608
8/9/2022 0:46:46,2019-2020,Potato,Rajshahi,Bogra,58058,20.151,1169947
8/9/2022 0:47:33,2019-2020,Potato,Rajshahi,Joypurhat,38212,24.348,930380
8/9/2022 0:48:18,2019-2020,Potato,Rajshahi,Noagaon,21163,16.106,340861
8/9/2022 0:48:59,2019-2020,Potato,Rajshahi,Natore,443,22.473,9962
8/9/2022 0:49:39,2019-2020,Potato,Rajshahi,Nawabgonj,1117,17.056,19058
8/9/2022 0:50:28,2019-2020,Potato,Rajshahi,Pabna,834,13.829,11539
8/9/2022 0:51:16,2019-2020,Potato,Rajshahi,Rajshahi,36490,23.921,872871
8/9/2022 0:51:55,2019-2020,Potato,Rajshahi,Sirajgonj,3053,13.999,42735
8/9/2022 0:52:46,2019-2020,Potato,Rangpur,Dinajpur,46836,20.065,939764
8/9/2022 0:53:30,2019-2020,Potato,Rangpur,Gaibandha,8750,18.054,157977
8/9/2022 0:54:12,2019-2020,Potato,Rangpur,Kurigram,5276,25.988,137102
8/9/2022 0:55:04,2019-2020,Potato,Rangpur,Lalmonirhat,4835,18.984,91785
8/9/2022 0:55:44,2019-2020,Potato,Rangpur,Nilphamari,21882,19.085,417616
8/9/2022 0:56:24,2019-2020,Potato,Rangpur,Panchagar,9868,19.66,194009
8/9/2022 0:57:08,2019-2020,Potato,Rangpur,Rangpur,49928,19.669,982022
8/9/2022 0:58:03,2019-2020,Potato,Rangpur,Thakurgaon,23894,20.079,479752
8/9/2022 0:58:45,2019-2020,Potato,Sylhet,Hobigonj,1543,13.838,21353
8/9/2022 0:59:30,2019-2020,Potato,Sylhet,Maulavibazar,1945,11.301,21979
8/9/2022 1:00:08,2019-2020,Potato,Sylhet,Sunamgonj,1622,16.664,27036
8/9/2022 1:00:43,2019-2020,Potato,Sylhet,Sylhet,785,13.104,10283
